Date,Adj Close,Close,High,Low,Open,Volume,Stock_ID,Stock_Name
2023-05-02,277.8971252441406,298.0,303.0,295.0,302.0,9648194,2308.TW,台達電
2023-05-03,278.3634033203125,298.5,300.5,297.0,300.0,3013501,2308.TW,台達電
2023-05-04,283.49237060546875,304.0,305.5,299.0,299.5,5665304,2308.TW,台達電
2023-05-05,282.5598449707031,303.0,303.5,299.0,301.0,3949886,2308.TW,台達電
2023-05-08,284.8912048339844,305.5,306.5,302.0,304.0,4068301,2308.TW,台達電
2023-05-09,283.49237060546875,304.0,307.0,303.0,305.5,3139744,2308.TW,台達電
2023-05-10,281.1610412597656,301.5,307.0,300.0,307.0,3308589,2308.TW,台達電
2023-05-11,276.9645690917969,297.0,301.5,296.5,300.0,3465093,2308.TW,台達電
2023-05-12,277.4308776855469,297.5,298.0,293.0,296.0,4834059,2308.TW,台達電
2023-05-15,280.228515625,300.5,302.5,295.0,295.0,4156945,2308.TW,台達電
2023-05-16,280.228515625,300.5,302.0,298.0,300.5,3825260,2308.TW,台達電
2023-05-17,284.4249267578125,305.0,306.0,302.0,303.0,6317047,2308.TW,台達電
2023-05-18,285.8236999511719,306.5,309.5,306.0,307.0,7670543,2308.TW,台達電
2023-05-19,285.8236999511719,306.5,309.5,305.0,309.0,6340880,2308.TW,台達電
2023-05-22,284.8912048339844,305.5,306.5,302.0,305.5,3580478,2308.TW,台達電
2023-05-23,282.0935363769531,302.5,305.5,301.5,305.0,3704405,2308.TW,台達電
2023-05-24,284.4249267578125,305.0,305.0,301.0,302.0,3178766,2308.TW,台達電
2023-05-25,287.2225341796875,308.0,309.0,303.0,305.0,6968511,2308.TW,台達電
2023-05-26,296.5479431152344,318.0,320.0,311.0,313.0,14377215,2308.TW,台達電
2023-05-29,294.2165832519531,315.5,324.0,314.5,324.0,7364522,2308.TW,台達電
2023-05-30,292.8177795410156,314.0,315.5,312.0,314.0,4986738,2308.TW,台達電
2023-05-31,295.149169921875,316.5,320.0,312.5,320.0,10391549,2308.TW,台達電
2023-06-01,295.149169921875,316.5,317.5,312.0,316.5,4039271,2308.TW,台達電
2023-06-02,293.75030517578125,315.0,316.5,310.5,312.5,9237870,2308.TW,台達電
2023-06-05,297.9467468261719,319.5,320.0,316.0,319.0,7566450,2308.TW,台達電
2023-06-06,294.682861328125,316.0,319.5,315.5,318.5,5661114,2308.TW,台達電
2023-06-07,306.3396301269531,328.5,329.5,318.0,319.0,13081816,2308.TW,台達電
2023-06-08,303.07574462890625,325.0,331.0,323.0,331.0,9425060,2308.TW,台達電
2023-06-09,301.2106628417969,323.0,328.5,323.0,328.0,7395981,2308.TW,台達電
2023-06-12,313.33367919921875,336.0,343.0,325.5,327.0,16110012,2308.TW,台達電
2023-06-13,319.8614807128906,343.0,348.0,335.0,342.0,17939329,2308.TW,台達電
2023-06-14,329.1868591308594,353.0,356.5,346.0,347.0,18987883,2308.TW,台達電
2023-06-15,345.0400390625,370.0,373.0,358.0,362.0,22353717,2308.TW,台達電
2023-06-16,346.43890380859375,371.5,385.0,371.0,375.0,26551004,2308.TW,台達電
2023-06-19,350.1690673828125,375.5,378.0,363.5,367.0,13244021,2308.TW,台達電
2023-06-20,344.1075134277344,369.0,374.5,368.5,371.0,12521966,2308.TW,台達電
2023-06-21,339.44482421875,364.0,369.5,360.5,368.5,14971700,2308.TW,台達電
2023-06-26,324.524169921875,348.0,358.0,346.0,347.5,17890023,2308.TW,台達電
2023-06-27,321.7265625,345.0,353.5,345.0,346.0,9300932,2308.TW,台達電
2023-06-28,323.5916442871094,347.0,350.0,346.0,350.0,5470564,2308.TW,台達電
2023-06-29,325.9229736328125,349.5,355.0,348.0,350.0,7624476,2308.TW,台達電
2023-06-30,330.5672302246094,344.5,345.0,339.5,340.5,7763518,2308.TW,台達電
2023-07-03,347.8392333984375,362.5,366.0,345.0,347.0,14633528,2308.TW,台達電
2023-07-04,352.1572570800781,367.0,370.5,358.0,364.5,10611053,2308.TW,台達電
2023-07-05,351.19769287109375,366.0,369.5,363.0,364.0,7850777,2308.TW,台達電
2023-07-06,339.6830139160156,354.0,361.0,352.5,359.0,11427482,2308.TW,台達電
2023-07-07,333.9256896972656,348.0,352.0,346.5,347.0,7899739,2308.TW,台達電
2023-07-10,334.40545654296875,348.5,354.5,346.0,352.5,5278772,2308.TW,台達電
2023-07-11,344.9605712890625,359.5,361.5,352.0,353.0,7932830,2308.TW,台達電
2023-07-12,348.31903076171875,363.0,368.0,359.5,362.0,7376081,2308.TW,台達電
2023-07-13,355.51568603515625,370.5,383.5,367.0,368.0,14361457,2308.TW,台達電
2023-07-14,353.1168212890625,368.0,372.5,361.0,370.0,10016643,2308.TW,台達電
2023-07-17,353.5965881347656,368.5,370.5,364.5,367.0,5869269,2308.TW,台達電
2023-07-18,350.7178955078125,365.5,376.5,363.0,370.0,7820536,2308.TW,台達電
2023-07-19,342.5616760253906,357.0,371.0,355.5,367.0,8453497,2308.TW,台達電
2023-07-20,342.0819091796875,356.5,359.0,356.5,358.0,3197927,2308.TW,台達電
2023-07-21,344.9605712890625,359.5,362.0,346.0,350.0,7058998,2308.TW,台達電
2023-07-24,346.39990234375,361.0,362.0,353.0,357.0,6338027,2308.TW,台達電
2023-07-25,349.2785949707031,364.0,370.5,363.0,363.0,9002331,2308.TW,台達電
2023-07-26,345.9201354980469,360.5,368.0,360.5,362.5,4024071,2308.TW,台達電
2023-07-27,344.00103759765625,358.5,364.0,357.5,358.0,4099534,2308.TW,台達電
2023-07-28,351.6774597167969,366.5,368.5,352.0,355.0,7688409,2308.TW,台達電
2023-07-31,350.7178955078125,365.5,388.5,362.5,374.5,23324811,2308.TW,台達電
2023-08-01,357.434814453125,372.5,382.0,362.0,377.0,16759870,2308.TW,台達電
2023-08-02,346.39990234375,361.0,382.0,358.0,375.0,24843115,2308.TW,台達電
2023-08-04,346.8796691894531,361.5,363.5,350.0,350.0,10019147,2308.TW,台達電
2023-08-07,348.7987976074219,363.5,371.0,363.0,366.5,8897380,2308.TW,台達電
2023-08-08,345.9201354980469,360.5,365.5,357.5,365.0,4985950,2308.TW,台達電
2023-08-09,343.0414733886719,357.5,360.0,355.0,358.0,4141453,2308.TW,台達電
2023-08-10,337.28411865234375,351.5,357.0,345.0,354.0,7980504,2308.TW,台達電
2023-08-11,342.5616760253906,357.0,359.0,352.0,352.0,7236258,2308.TW,台達電
2023-08-14,336.3245544433594,350.5,353.5,348.0,351.5,4784995,2308.TW,台達電
2023-08-15,337.28411865234375,351.5,361.5,350.0,356.0,8198314,2308.TW,台達電
2023-08-16,335.8447570800781,350.0,352.0,348.5,349.0,5676866,2308.TW,台達電
2023-08-17,333.9256896972656,348.0,350.0,343.5,347.5,7921856,2308.TW,台達電
2023-08-18,327.68853759765625,341.5,347.5,335.0,346.0,9476800,2308.TW,台達電
2023-08-21,329.1278991699219,343.0,345.0,339.0,342.5,3920291,2308.TW,台達電
2023-08-22,335.3650207519531,349.5,349.5,344.5,346.5,4700450,2308.TW,台達電
2023-08-23,333.9256896972656,348.0,350.5,344.5,349.5,3813531,2308.TW,台達電
2023-08-24,342.5616760253906,357.0,357.5,350.5,352.0,8312355,2308.TW,台達電
2023-08-25,331.5267639160156,345.5,352.0,345.5,352.0,4557248,2308.TW,台達電
2023-08-28,328.6481018066406,342.5,345.5,339.0,345.0,4438982,2308.TW,台達電
2023-08-29,332.486328125,346.5,346.5,340.5,341.5,5011776,2308.TW,台達電
2023-08-30,332.486328125,346.5,350.5,346.0,350.0,4179046,2308.TW,台達電
2023-08-31,332.0065612792969,346.0,348.0,342.5,342.5,5413397,2308.TW,台達電
2023-09-01,332.0065612792969,346.0,349.0,343.0,349.0,3536166,2308.TW,台達電
2023-09-04,332.0065612792969,346.0,351.0,343.0,347.5,3935391,2308.TW,台達電
2023-09-05,334.40545654296875,348.5,349.0,346.0,348.0,3527950,2308.TW,台達電
2023-09-06,331.0470275878906,345.0,350.0,345.0,350.0,6801750,2308.TW,台達電
2023-09-07,329.1278991699219,343.0,346.5,341.5,343.5,4349426,2308.TW,台達電
2023-09-08,326.2492370605469,340.0,344.0,340.0,342.0,3528912,2308.TW,台達電
2023-09-11,318.0929870605469,331.5,340.5,330.0,340.0,6398224,2308.TW,台達電
2023-09-12,319.05255126953125,332.5,334.0,330.0,330.0,4932578,2308.TW,台達電
2023-09-13,318.0929870605469,331.5,334.5,328.5,333.0,4998593,2308.TW,台達電
2023-09-14,324.3301086425781,338.0,339.5,333.5,334.5,5786983,2308.TW,台達電
2023-09-15,326.2492370605469,340.0,342.5,334.0,336.5,5635141,2308.TW,台達電
2023-09-18,317.1334228515625,330.5,337.0,330.5,336.0,5095564,2308.TW,台達電
2023-09-19,317.1334228515625,330.5,333.0,328.0,332.0,4361492,2308.TW,台達電
2023-09-20,317.1334228515625,330.5,334.0,326.5,329.5,3775074,2308.TW,台達電
2023-09-21,311.85589599609375,325.0,329.5,321.0,329.5,7913989,2308.TW,台達電
2023-09-22,315.2143249511719,328.5,329.0,320.0,321.0,3977354,2308.TW,台達電
2023-09-25,322.89080810546875,336.5,337.5,330.0,331.0,6966017,2308.TW,台達電
2023-09-26,313.2951965332031,326.5,333.0,326.5,330.5,7013332,2308.TW,台達電
2023-09-27,309.936767578125,323.0,325.0,321.0,323.0,7920100,2308.TW,台達電
2023-09-28,311.3760986328125,324.5,330.5,323.0,326.0,4544858,2308.TW,台達電
2023-10-02,321.93121337890625,335.5,338.5,326.0,326.0,6158668,2308.TW,台達電
2023-10-03,322.89080810546875,336.5,342.5,334.5,338.0,7922427,2308.TW,台達電
2023-10-04,319.5323181152344,333.0,335.5,327.0,332.0,5865565,2308.TW,台達電
2023-10-05,324.3301086425781,338.0,341.5,336.5,338.0,5336610,2308.TW,台達電
2023-10-06,323.850341796875,337.5,340.0,337.5,339.0,3083791,2308.TW,台達電
2023-10-11,324.8099060058594,338.5,341.5,336.0,337.5,7963276,2308.TW,台達電
2023-10-12,322.4110107421875,336.0,339.5,335.0,339.0,5555567,2308.TW,台達電
2023-10-13,315.2143249511719,328.5,334.0,328.0,334.0,7195284,2308.TW,台達電
2023-10-16,311.85589599609375,325.0,328.0,324.5,325.0,5044846,2308.TW,台達電
2023-10-17,308.4974060058594,321.5,328.5,321.5,327.0,4118960,2308.TW,台達電
2023-10-18,304.6592102050781,317.5,321.5,317.5,320.0,5481594,2308.TW,台達電
2023-10-19,304.6592102050781,317.5,318.5,310.5,313.5,4410769,2308.TW,台達電
2023-10-20,296.50299072265625,309.0,312.5,307.5,312.0,11328173,2308.TW,台達電
2023-10-23,296.9827575683594,309.5,312.0,308.0,309.0,3917083,2308.TW,台達電
2023-10-24,295.54339599609375,308.0,310.0,304.0,310.0,7126725,2308.TW,台達電
2023-10-25,293.14453125,305.5,309.5,303.0,308.0,7667448,2308.TW,台達電
2023-10-26,285.9478454589844,298.0,303.0,298.0,300.0,8388052,2308.TW,台達電
2023-10-27,283.06915283203125,295.0,301.5,294.5,297.0,7685565,2308.TW,台達電
2023-10-30,283.06915283203125,295.0,297.0,293.0,293.0,4986029,2308.TW,台達電
2023-10-31,278.75115966796875,290.5,298.5,289.5,295.0,8191015,2308.TW,台達電
2023-11-01,275.3927307128906,287.0,291.5,285.0,290.0,9573190,2308.TW,台達電
2023-11-02,286.4276428222656,298.5,299.5,290.5,290.5,10026299,2308.TW,台達電
2023-11-03,291.7051696777344,304.0,306.0,298.5,300.5,9049467,2308.TW,台達電
2023-11-06,295.54339599609375,308.0,312.5,307.5,309.0,9878341,2308.TW,台達電
2023-11-07,293.6242980957031,306.0,307.5,305.0,306.0,4147832,2308.TW,台達電
2023-11-08,288.8265380859375,301.0,303.0,298.5,299.0,6778704,2308.TW,台達電
2023-11-09,289.78607177734375,302.0,303.5,300.0,300.0,4823784,2308.TW,台達電
2023-11-10,291.2253723144531,303.5,304.5,300.0,300.0,4910800,2308.TW,台達電
2023-11-13,287.3871765136719,299.5,304.5,299.5,301.5,3678656,2308.TW,台達電
2023-11-14,287.3871765136719,299.5,301.0,295.5,295.5,6207623,2308.TW,台達電
2023-11-15,294.10406494140625,306.5,309.0,301.5,305.0,8474277,2308.TW,台達電
2023-11-16,292.6647644042969,305.0,310.0,304.0,304.5,5183819,2308.TW,台達電
2023-11-17,292.6647644042969,305.0,308.0,304.0,304.0,4026571,2308.TW,台達電
2023-11-20,293.6242980957031,306.0,308.0,303.0,303.5,3857768,2308.TW,台達電
2023-11-21,297.9422912597656,310.5,311.0,306.5,308.0,5825043,2308.TW,台達電
2023-11-22,295.0636291503906,307.5,310.5,307.0,307.0,2995001,2308.TW,台達電
2023-11-23,299.8614196777344,312.5,314.0,308.0,309.0,4564683,2308.TW,台達電
2023-11-24,303.6996765136719,316.5,321.5,315.5,317.5,6982483,2308.TW,台達電
2023-11-27,301.780517578125,314.5,317.5,313.5,316.0,4145463,2308.TW,台達電
2023-11-28,305.6187744140625,318.5,320.5,310.5,313.5,6222287,2308.TW,台達電
2023-11-29,304.1794128417969,317.0,322.5,316.0,322.5,5783194,2308.TW,台達電
2023-11-30,303.6996765136719,316.5,320.0,315.0,320.0,7897593,2308.TW,台達電
2023-12-01,306.57830810546875,319.5,320.0,313.5,316.0,3816371,2308.TW,台達電
2023-12-04,307.53790283203125,320.5,321.5,317.0,319.5,3830489,2308.TW,台達電
2023-12-05,297.9422912597656,310.5,316.5,310.0,314.5,7934731,2308.TW,台達電
2023-12-06,297.4625549316406,310.0,315.5,309.5,311.0,4347959,2308.TW,台達電
2023-12-07,298.4220886230469,311.0,313.0,309.0,309.0,3274255,2308.TW,台達電
2023-12-08,299.8614196777344,312.5,314.0,311.5,313.5,3006150,2308.TW,台達電
2023-12-11,297.9422912597656,310.5,314.0,308.5,310.5,4603790,2308.TW,台達電
2023-12-12,288.8265380859375,301.0,309.0,300.0,307.0,9662222,2308.TW,台達電
2023-12-13,290.7456359863281,303.0,303.0,300.0,300.0,6397971,2308.TW,台達電
2023-12-14,293.14453125,305.5,308.0,304.0,305.0,4912096,2308.TW,台達電
2023-12-15,300.3411865234375,313.0,317.0,310.5,314.0,12618433,2308.TW,台達電
2023-12-18,294.5838623046875,307.0,313.0,307.0,311.0,5689265,2308.TW,台達電
2023-12-19,290.2658386230469,302.5,307.0,302.0,307.0,5498557,2308.TW,台達電
2023-12-20,293.14453125,305.5,307.0,303.5,304.0,4692701,2308.TW,台達電
2023-12-21,291.2253723144531,303.5,305.0,302.5,304.5,2305314,2308.TW,台達電
2023-12-22,293.14453125,305.5,308.5,305.0,305.5,2958062,2308.TW,台達電
2023-12-25,294.10406494140625,306.5,308.0,304.5,306.5,1816011,2308.TW,台達電
2023-12-26,297.9422912597656,310.5,311.5,307.0,308.5,4795026,2308.TW,台達電
2023-12-27,300.3411865234375,313.0,313.5,311.5,312.0,4706224,2308.TW,台達電
2023-12-28,300.3411865234375,313.0,314.5,312.0,314.0,4537485,2308.TW,台達電
2023-12-29,300.82098388671875,313.5,313.5,310.5,312.0,3771677,2308.TW,台達電
2024-01-02,297.4625549316406,310.0,312.5,309.0,311.0,3109841,2308.TW,台達電
2024-01-03,292.1849670410156,304.5,308.5,303.0,308.0,4579539,2308.TW,台達電
2024-01-04,291.7051696777344,304.0,305.5,303.5,304.0,2509212,2308.TW,台達電
2024-01-05,292.1849670410156,304.5,308.0,304.0,304.5,3784034,2308.TW,台達電
2024-01-08,293.6242980957031,306.0,309.0,305.5,306.0,2569327,2308.TW,台達電
2024-01-09,283.5489501953125,295.5,307.5,295.5,307.0,12261247,2308.TW,台達電
2024-01-10,279.23095703125,291.0,293.5,287.5,290.5,12612037,2308.TW,台達電
2024-01-11,281.1500549316406,293.0,295.0,290.0,290.0,6607509,2308.TW,台達電
2024-01-12,281.6298522949219,293.5,294.5,291.0,292.5,4568518,2308.TW,台達電
2024-01-15,283.5489501953125,295.5,298.0,293.0,297.0,4568498,2308.TW,台達電
2024-01-16,277.7916259765625,289.5,292.5,288.5,292.5,12306065,2308.TW,台達電
2024-01-17,268.196044921875,279.5,286.0,279.5,284.0,17044138,2308.TW,台達電
2024-01-18,265.7971496582031,277.0,281.5,276.5,279.5,10672844,2308.TW,台達電
2024-01-19,273.4736328125,285.0,286.0,279.0,279.0,8213576,2308.TW,台達電
2024-01-22,279.23095703125,291.0,292.5,287.5,288.0,11402735,2308.TW,台達電
2024-01-23,281.6298522949219,293.5,294.0,291.0,293.0,7415838,2308.TW,台達電
2024-01-24,277.3118591308594,289.0,295.0,289.0,295.0,5680329,2308.TW,台達電
2024-01-25,272.5140380859375,284.0,288.5,284.0,286.0,9033993,2308.TW,台達電
2024-01-26,275.87249755859375,287.5,290.0,281.5,281.5,5448236,2308.TW,台達電
2024-01-29,281.1500549316406,293.0,293.0,288.0,289.5,4539149,2308.TW,台達電
2024-01-30,274.43316650390625,286.0,291.0,286.0,289.0,8196904,2308.TW,台達電
2024-01-31,268.6758117675781,280.0,284.0,280.0,282.0,12591570,2308.TW,台達電
2024-02-01,273.4736328125,285.0,285.0,281.5,282.0,6348860,2308.TW,台達電
2024-02-02,274.43316650390625,286.0,289.0,286.0,287.0,5138944,2308.TW,台達電
2024-02-05,275.87249755859375,287.5,288.5,282.5,283.5,5900421,2308.TW,台達電
2024-02-15,272.9938049316406,284.5,293.5,282.0,293.5,17232417,2308.TW,台達電
2024-02-16,279.7107238769531,291.5,292.5,286.0,286.0,7861288,2308.TW,台達電
2024-02-19,280.1905212402344,292.0,295.0,291.0,293.0,5481542,2308.TW,台達電
2024-02-20,280.6702575683594,292.5,293.5,290.5,290.5,4283504,2308.TW,台達電
2024-02-21,279.23095703125,291.0,291.5,288.5,289.0,5206800,2308.TW,台達電
2024-02-22,281.6298522949219,293.5,294.0,291.0,291.0,4508796,2308.TW,台達電
2024-02-23,280.6702575683594,292.5,295.0,292.0,294.0,9056901,2308.TW,台達電
2024-02-26,283.06915283203125,295.0,295.0,291.0,291.5,3448207,2308.TW,台達電
2024-02-27,277.3118591308594,289.0,294.0,287.5,293.5,7324920,2308.TW,台達電
2024-02-29,282.58941650390625,294.5,294.5,287.0,288.0,8800844,2308.TW,台達電
2024-03-01,281.6298522949219,293.5,295.5,291.0,295.0,5104529,2308.TW,台達電
2024-03-04,281.6298522949219,293.5,297.0,293.5,295.0,15229456,2308.TW,台達電
2024-03-05,278.75115966796875,290.5,294.0,289.0,292.0,9729251,2308.TW,台達電
2024-03-06,283.06915283203125,295.0,296.5,289.0,290.0,8247652,2308.TW,台達電
2024-03-07,284.98828125,297.0,300.0,296.0,296.5,9722159,2308.TW,台達電
2024-03-08,299.3816223144531,312.0,314.5,296.5,296.5,34679985,2308.TW,台達電
2024-03-11,295.54339599609375,308.0,313.0,304.0,312.5,12692967,2308.TW,台達電
2024-03-12,299.8614196777344,312.5,317.5,309.0,310.0,11740932,2308.TW,台達電
2024-03-13,301.780517578125,314.5,317.5,312.5,316.5,12757407,2308.TW,台達電
2024-03-14,297.9422912597656,310.5,316.5,309.5,316.5,9178712,2308.TW,台達電
2024-03-15,290.7456359863281,303.0,308.5,301.5,307.0,12754217,2308.TW,台達電
2024-03-18,293.6242980957031,306.0,306.5,303.0,304.0,5915661,2308.TW,台達電
2024-03-19,307.0580749511719,320.0,322.0,303.5,303.5,20195502,2308.TW,台達電
2024-03-20,303.2198486328125,316.0,323.5,314.5,320.0,13513844,2308.TW,台達電
2024-03-21,324.3301086425781,338.0,338.0,317.0,317.0,34760173,2308.TW,台達電
2024-03-22,343.521240234375,358.0,365.0,347.5,348.0,63351844,2308.TW,台達電
2024-03-25,338.2436828613281,352.5,365.0,350.5,362.0,20721428,2308.TW,台達電
2024-03-26,329.6076354980469,343.5,352.0,339.0,350.0,22050628,2308.TW,台達電
2024-03-27,327.68853759765625,341.5,352.0,337.5,349.0,13322434,2308.TW,台達電
2024-03-28,328.6481018066406,342.5,347.0,338.5,339.0,9056096,2308.TW,台達電
2024-03-29,328.1683349609375,342.0,353.5,341.0,346.5,9454000,2308.TW,台達電
2024-04-01,320.9716491699219,334.5,346.0,333.0,343.5,12150199,2308.TW,台達電
2024-04-02,324.3301086425781,338.0,339.5,329.0,334.5,8812613,2308.TW,台達電
2024-04-03,318.5727844238281,332.0,335.0,331.0,332.0,5893050,2308.TW,台達電
2024-04-08,320.49188232421875,334.0,341.5,332.5,336.0,10654070,2308.TW,台達電
2024-04-09,320.49188232421875,334.0,337.5,330.0,335.0,5531984,2308.TW,台達電
2024-04-10,314.73455810546875,328.0,336.0,328.0,334.5,6572451,2308.TW,台達電
2024-04-11,306.57830810546875,319.5,324.0,315.5,323.5,14121531,2308.TW,台達電
2024-04-12,304.1794128417969,317.0,322.0,316.0,317.0,8179651,2308.TW,台達電
2024-04-15,295.54339599609375,308.0,313.5,307.5,312.0,9393926,2308.TW,台達電
2024-04-16,281.1500549316406,293.0,306.0,292.5,305.0,16149891,2308.TW,台達電
2024-04-17,288.3467712402344,300.5,301.0,294.5,297.5,9850265,2308.TW,台達電
2024-04-18,296.50299072265625,309.0,312.5,298.5,300.0,13827593,2308.TW,台達電
2024-04-19,286.4276428222656,298.5,311.0,295.0,305.0,13722446,2308.TW,台達電
2024-04-22,287.866943359375,300.0,303.0,294.0,300.5,7663871,2308.TW,台達電
2024-04-23,285.46807861328125,297.5,304.5,295.0,303.0,7696142,2308.TW,台達電
2024-04-24,291.7051696777344,304.0,305.0,298.5,300.0,6477064,2308.TW,台達電
2024-04-25,293.6242980957031,306.0,311.0,301.0,303.0,9839162,2308.TW,台達電
2024-04-26,302.2602844238281,315.0,319.0,304.0,309.0,13462374,2308.TW,台達電
2024-04-29,308.0176696777344,321.0,323.5,317.0,320.5,11108134,2308.TW,台達電
2024-04-30,307.53790283203125,320.5,326.0,318.0,320.0,9168151,2308.TW,台達電
2024-05-02,296.9827575683594,309.5,313.5,305.0,309.5,12183392,2308.TW,台達電
2024-05-03,314.2547607421875,327.5,333.5,319.0,319.5,21683530,2308.TW,台達電
2024-05-06,308.9772033691406,322.0,336.0,319.5,336.0,13319894,2308.TW,台達電
2024-05-07,312.8154296875,326.0,326.5,320.0,322.5,6464447,2308.TW,台達電
2024-05-08,308.0176696777344,321.0,326.5,320.0,325.0,5413599,2308.TW,台達電
2024-05-09,309.936767578125,323.0,326.5,320.0,320.0,4567244,2308.TW,台達電
2024-05-10,306.0985107421875,319.0,323.5,318.0,321.5,6605839,2308.TW,台達電
2024-05-13,303.6996765136719,316.5,318.0,313.5,316.0,7082093,2308.TW,台達電
2024-05-14,303.2198486328125,316.0,320.0,315.0,318.0,3941317,2308.TW,台達電
2024-05-15,306.0985107421875,319.0,324.0,317.5,319.0,6397231,2308.TW,台達電
2024-05-16,307.0580749511719,320.0,324.0,319.0,322.0,4572912,2308.TW,台達電
2024-05-17,309.45697021484375,322.5,326.0,319.0,320.0,6769579,2308.TW,台達電
2024-05-20,305.13897705078125,318.0,324.0,317.0,322.5,7917556,2308.TW,台達電
2024-05-21,305.6187744140625,318.5,322.5,318.0,318.5,3505355,2308.TW,台達電
2024-05-22,314.2547607421875,327.5,329.0,319.0,321.0,8572037,2308.TW,台達電
2024-05-23,316.17388916015625,329.5,335.0,325.5,327.5,11081177,2308.TW,台達電
2024-05-24,314.73455810546875,328.0,332.5,325.0,327.0,7841722,2308.TW,台達電
2024-05-27,332.0065612792969,346.0,348.5,331.0,332.0,18024622,2308.TW,台達電
2024-05-28,332.486328125,346.5,354.0,346.0,353.0,14465139,2308.TW,台達電
2024-05-29,327.68853759765625,341.5,351.0,340.5,343.5,10582351,2308.TW,台達電
2024-05-30,316.6536560058594,330.0,336.0,330.0,335.5,9667565,2308.TW,台達電
2024-05-31,311.85589599609375,325.0,334.5,324.0,332.0,20471487,2308.TW,台達電
2024-06-03,323.37054443359375,337.0,340.0,328.5,332.5,9056672,2308.TW,台達電
2024-06-04,322.89080810546875,336.5,345.0,334.0,342.0,11383907,2308.TW,台達電
2024-06-05,332.0065612792969,346.0,347.0,336.5,337.5,13179253,2308.TW,台達電
2024-06-06,331.0470275878906,345.0,352.0,343.5,351.5,10257557,2308.TW,台達電
2024-06-07,331.0470275878906,345.0,345.0,339.0,343.0,7913632,2308.TW,台達電
2024-06-11,326.72900390625,340.5,343.0,332.0,335.0,11064870,2308.TW,台達電
2024-06-12,330.08746337890625,344.0,351.5,342.5,342.5,10540277,2308.TW,台達電
2024-06-13,339.2032470703125,353.5,354.0,341.5,348.0,14755006,2308.TW,台達電
2024-06-14,339.2032470703125,353.5,357.5,350.0,357.0,9740263,2308.TW,台達電
2024-06-17,337.7638854980469,352.0,362.5,349.0,358.5,15084073,2308.TW,台達電
2024-06-18,340.1390075683594,348.0,351.5,343.5,345.5,11058221,2308.TW,台達電
2024-06-19,358.7098083496094,367.0,371.0,356.5,358.0,27262125,2308.TW,台達電
2024-06-20,361.1533508300781,369.5,371.0,364.0,368.5,15658314,2308.TW,台達電
2024-06-21,374.348388671875,383.0,387.5,363.0,367.0,27328765,2308.TW,台達電
2024-06-24,367.9952087402344,376.5,382.0,372.5,378.0,14788504,2308.TW,台達電
2024-06-25,378.258056640625,387.0,391.5,369.5,375.0,19342112,2308.TW,台達電
2024-06-26,376.30322265625,385.0,392.5,383.5,387.0,13606956,2308.TW,台達電
2024-06-27,377.7693176269531,386.5,387.5,381.0,383.0,8110428,2308.TW,台達電
2024-06-28,378.7467346191406,387.5,396.0,387.0,388.0,14517508,2308.TW,台達電
2024-07-01,381.678955078125,390.5,396.0,385.0,388.5,8171543,2308.TW,台達電
2024-07-02,374.348388671875,383.0,388.5,382.0,384.0,10480225,2308.TW,台達電
2024-07-03,370.9274597167969,379.5,386.0,377.0,383.0,10079137,2308.TW,台達電
2024-07-04,373.3709716796875,382.0,388.0,379.5,382.0,8370304,2308.TW,台達電
2024-07-05,378.258056640625,387.0,392.5,384.0,385.0,11011210,2308.TW,台達電
2024-07-08,392.919189453125,402.0,404.0,385.0,385.5,19276224,2308.TW,台達電
2024-07-09,400.73846435546875,410.0,413.0,396.0,400.0,18394935,2308.TW,台達電
2024-07-10,411.00128173828125,420.5,422.5,410.0,412.5,16984440,2308.TW,台達電
2024-07-11,424.19635009765625,434.0,435.0,416.5,420.5,14686355,2308.TW,台達電
2024-07-12,412.4674072265625,422.0,428.0,420.0,423.5,11593686,2308.TW,台達電
2024-07-15,405.62554931640625,415.0,424.0,412.0,421.0,9957443,2308.TW,台達電
2024-07-16,403.1820068359375,412.5,417.5,408.0,408.0,9149976,2308.TW,台達電
2024-07-17,401.7159118652344,411.0,415.0,407.0,410.0,8138419,2308.TW,台達電
2024-07-18,392.43048095703125,401.5,405.0,396.0,399.0,12596981,2308.TW,台達電
2024-07-19,389.9869689941406,399.0,403.0,393.5,396.0,9753619,2308.TW,台達電
2024-07-22,365.06298828125,373.5,396.0,372.0,394.5,16977855,2308.TW,台達電
2024-07-23,380.7015686035156,389.5,391.0,378.5,380.0,10284203,2308.TW,台達電
2024-07-26,379.2354431152344,388.0,390.0,369.0,371.0,15418212,2308.TW,台達電
2024-07-29,387.05474853515625,396.0,405.0,393.0,397.5,12455583,2308.TW,台達電
2024-07-30,390.9643859863281,400.0,400.0,389.0,396.0,9070732,2308.TW,台達電
2024-07-31,405.1368408203125,414.5,418.0,400.0,403.0,17954450,2308.TW,台達電
2024-08-01,414.4222412109375,424.0,427.0,415.0,423.0,21610324,2308.TW,台達電
2024-08-02,381.19024658203125,390.0,405.0,389.0,392.5,21524543,2308.TW,台達電
2024-08-05,343.07122802734375,351.0,360.0,351.0,351.0,22193364,2308.TW,台達電
2024-08-06,364.57427978515625,373.0,377.0,347.0,370.0,22656609,2308.TW,台達電
2024-08-07,370.9274597167969,379.5,389.0,373.5,375.0,15060540,2308.TW,台達電
2024-08-08,368.4839172363281,377.0,386.5,373.5,380.0,13918520,2308.TW,台達電
2024-08-09,378.7467346191406,387.5,397.5,383.5,383.5,14785272,2308.TW,台達電
2024-08-12,389.9869689941406,399.0,407.0,395.0,404.0,13303160,2308.TW,台達電
2024-08-13,390.4756774902344,399.5,406.0,396.0,405.5,6194292,2308.TW,台達電
2024-08-14,399.7610778808594,409.0,412.5,402.5,405.0,8988188,2308.TW,台達電
2024-08-15,399.7610778808594,409.0,413.5,406.0,413.5,7223463,2308.TW,台達電
2024-08-16,401.7159118652344,411.0,417.0,409.0,416.0,8601345,2308.TW,台達電
2024-08-19,395.36273193359375,404.5,410.5,404.0,407.0,6549779,2308.TW,台達電
2024-08-20,393.40789794921875,402.5,412.0,402.0,408.0,5535444,2308.TW,台達電
2024-08-21,390.9643859863281,400.0,407.0,397.0,399.0,11392681,2308.TW,台達電
2024-08-22,392.919189453125,402.0,403.5,399.5,400.0,4367333,2308.TW,台達電
2024-08-23,392.919189453125,402.0,403.0,396.5,400.0,4590172,2308.TW,台達電
2024-08-26,386.07733154296875,395.0,408.0,394.0,405.0,6359095,2308.TW,台達電
2024-08-27,390.9643859863281,400.0,400.0,390.5,391.0,3095579,2308.TW,台達電
2024-08-28,391.4530944824219,400.5,400.5,394.5,400.0,3109258,2308.TW,台達電
2024-08-29,388.5208435058594,397.5,400.0,392.5,394.0,3811373,2308.TW,台達電
2024-08-30,390.4756774902344,399.5,405.5,399.5,403.0,9353162,2308.TW,台達電
2024-09-02,385.5885925292969,394.5,405.0,392.0,405.0,6586239,2308.TW,台達電
2024-09-03,383.6337890625,392.5,397.0,392.0,394.5,5984980,2308.TW,台達電
2024-09-04,363.59686279296875,372.0,379.0,364.0,372.5,12529472,2308.TW,台達電
2024-09-05,360.6646423339844,369.0,381.0,368.5,375.0,7722618,2308.TW,台達電
2024-09-06,367.017822265625,375.5,377.0,369.0,370.5,7390351,2308.TW,台達電
2024-09-09,354.31146240234375,362.5,366.0,358.5,359.0,9215501,2308.TW,台達電
2024-09-10,360.6646423339844,369.0,371.5,365.5,366.5,7282460,2308.TW,台達電
2024-09-11,356.26629638671875,364.5,369.0,360.5,365.0,8409792,2308.TW,台達電
2024-09-12,380.2128601074219,389.0,389.5,376.0,377.0,8894805,2308.TW,台達電
2024-09-13,376.30322265625,385.0,392.5,382.0,392.5,4663800,2308.TW,台達電
2024-09-16,376.7919006347656,385.5,389.0,381.0,385.0,3624545,2308.TW,台達電
2024-09-18,371.4161682128906,380.0,385.0,376.5,381.0,6556263,2308.TW,台達電
2024-09-19,382.6564025878906,391.5,391.5,382.5,382.5,7207787,2308.TW,台達電
2024-09-20,378.258056640625,387.0,397.5,387.0,395.0,9136601,2308.TW,台達電
2024-09-23,381.678955078125,390.5,393.5,389.0,392.5,5020496,2308.TW,台達電
2024-09-24,388.0321350097656,397.0,397.0,387.0,390.5,3850774,2308.TW,台達電
2024-09-25,389.0095520019531,398.0,401.5,395.0,395.0,8606574,2308.TW,台達電
2024-09-26,387.05474853515625,396.0,399.0,394.0,394.0,7370610,2308.TW,台達電
2024-09-27,390.9643859863281,400.0,404.0,397.5,398.0,8232728,2308.TW,台達電
2024-09-30,371.9048767089844,380.5,395.0,380.5,389.5,8344665,2308.TW,台達電
2024-10-01,375.81451416015625,384.5,388.0,379.5,379.5,5868987,2308.TW,台達電
2024-10-04,357.7323913574219,366.0,376.5,366.0,372.0,16627056,2308.TW,台達電
2024-10-07,364.0855712890625,372.5,377.5,363.5,371.5,15414148,2308.TW,台達電
2024-10-08,373.3709716796875,382.0,382.0,370.0,371.0,10171348,2308.TW,台達電
2024-10-09,372.88226318359375,381.5,387.5,379.0,387.0,9331512,2308.TW,台達電
2024-10-11,371.4161682128906,380.0,386.5,378.5,381.0,5817406,2308.TW,台達電
2024-10-14,378.7467346191406,387.5,389.0,376.5,376.5,6546725,2308.TW,台達電
2024-10-15,389.49822998046875,398.5,400.5,387.5,388.0,11524844,2308.TW,台達電
2024-10-16,380.2128601074219,389.0,396.0,387.0,393.0,9403088,2308.TW,台達電
2024-10-17,383.14508056640625,392.0,394.5,385.5,394.5,6769479,2308.TW,台達電
2024-10-18,392.919189453125,402.0,405.0,395.0,397.0,12959796,2308.TW,台達電
2024-10-21,390.9643859863281,400.0,404.0,397.5,403.0,5116616,2308.TW,台達電
2024-10-22,395.36273193359375,404.5,404.5,396.0,400.0,6272355,2308.TW,台達電
2024-10-23,389.49822998046875,398.5,401.5,397.0,400.0,3487185,2308.TW,台達電
2024-10-24,384.6112060546875,393.5,398.5,393.5,395.0,5396460,2308.TW,台達電
2024-10-25,392.919189453125,402.0,402.0,393.0,393.0,6453110,2308.TW,台達電
2024-10-28,395.8514099121094,405.0,413.0,401.5,404.0,8652651,2308.TW,台達電
2024-10-29,396.8288269042969,406.0,406.0,396.5,401.5,8256951,2308.TW,台達電
2024-10-30,394.8740234375,404.0,407.5,399.0,407.0,11943686,2308.TW,台達電
2024-11-01,381.678955078125,390.5,396.0,381.0,381.0,13189106,2308.TW,台達電
2024-11-04,386.07733154296875,395.0,395.0,388.0,388.0,8698905,2308.TW,台達電
2024-11-05,389.49822998046875,398.5,403.0,391.0,392.0,5569740,2308.TW,台達電
2024-11-06,393.8966064453125,403.0,403.0,395.0,396.0,7211207,2308.TW,台達電
2024-11-07,389.9869689941406,399.0,403.0,397.0,403.0,6116649,2308.TW,台達電
2024-11-08,390.9643859863281,400.0,403.0,398.0,400.0,6679657,2308.TW,台達電
2024-11-11,391.9417724609375,401.0,402.0,396.5,400.0,6098507,2308.TW,台達電
2024-11-12,388.0321350097656,397.0,409.0,395.5,400.0,12544916,2308.TW,台達電
2024-11-13,384.6112060546875,393.5,397.0,391.5,392.0,6205958,2308.TW,台達電
2024-11-14,380.2128601074219,389.0,395.5,386.0,395.0,6985748,2308.TW,台達電
2024-11-15,377.2806091308594,386.0,393.5,386.0,392.0,5062478,2308.TW,台達電
2024-11-18,377.7693176269531,386.5,389.0,383.5,386.5,4209054,2308.TW,台達電
2024-11-19,379.2354431152344,388.0,388.0,382.0,385.0,5048593,2308.TW,台達電
2024-11-20,377.7693176269531,386.5,386.5,386.5,386.5,6252197,2308.TW,台達電
2024-11-21,372.3935546875,381.0,382.5,376.0,380.0,9970868,2308.TW,台達電
2024-11-22,385.0998840332031,394.0,394.0,386.0,386.0,6811218,2308.TW,台達電
2024-11-25,384.6112060546875,393.5,400.0,393.5,397.0,9755212,2308.TW,台達電
2024-11-26,378.7467346191406,387.5,393.0,387.5,391.0,3536692,2308.TW,台達電
2024-11-27,377.2806091308594,386.0,393.0,386.0,386.0,2711116,2308.TW,台達電
2024-11-28,375.3258056640625,384.0,388.0,378.5,386.0,5038111,2308.TW,台達電
2024-11-29,372.3935546875,381.0,386.0,374.5,376.5,6334609,2308.TW,台達電
2024-12-02,379.7241516113281,388.5,391.0,386.0,386.0,2840583,2308.TW,台達電
2024-12-03,382.1676940917969,391.0,394.0,390.0,391.0,4794785,2308.TW,台達電
2024-12-04,386.07733154296875,395.0,395.0,390.0,393.0,3312822,2308.TW,台達電
2024-12-05,382.6564025878906,391.5,398.5,391.5,396.5,4924741,2308.TW,台達電
2024-12-06,389.9869689941406,399.0,399.5,389.0,389.0,6341198,2308.TW,台達電
2024-12-09,395.8514099121094,405.0,406.5,398.0,399.0,7631308,2308.TW,台達電
2024-12-10,393.8966064453125,403.0,404.5,398.5,404.5,7292463,2308.TW,台達電
2024-12-11,405.1368408203125,414.5,418.0,401.5,403.0,12553245,2308.TW,台達電
2024-12-12,407.5803527832031,417.0,421.0,412.0,412.0,8575396,2308.TW,台達電
2024-12-13,413.44482421875,423.0,432.5,418.5,421.5,14190436,2308.TW,台達電
2024-12-16,416.3770446777344,426.0,429.5,421.5,426.0,8747143,2308.TW,台達電
2024-12-17,410.0238952636719,419.5,425.0,416.0,418.5,8338235,2308.TW,台達電
2024-12-18,415.8883361816406,425.5,425.5,414.5,414.5,6226938,2308.TW,台達電
2024-12-19,407.0916442871094,416.5,419.5,413.0,415.0,7012984,2308.TW,台達電
2024-12-20,402.69329833984375,412.0,417.5,407.0,408.0,8318027,2308.TW,台達電
2024-12-23,410.5126037597656,420.0,425.0,417.0,420.0,4464278,2308.TW,台達電
2024-12-24,415.8883361816406,425.5,427.5,420.0,421.0,5490650,2308.TW,台達電
2024-12-25,412.9561462402344,422.5,427.0,419.5,425.0,1990180,2308.TW,台達電
2024-12-26,418.3318786621094,428.0,428.0,422.5,423.0,2472540,2308.TW,台達電
2024-12-27,421.7528076171875,431.5,433.0,425.5,426.0,3045217,2308.TW,台達電
2024-12-30,424.68505859375,434.5,438.0,429.5,431.0,4956839,2308.TW,台達電
2024-12-31,420.7754211425781,430.5,433.5,428.0,430.0,3638189,2308.TW,台達電
2025-01-02,407.5803527832031,417.0,436.5,412.5,430.5,11192962,2308.TW,台達電
2025-01-03,404.6481018066406,414.0,422.0,412.5,419.5,9296991,2308.TW,台達電
2025-01-06,409.0464782714844,418.5,422.0,415.0,422.0,5850642,2308.TW,台達電
2025-01-07,422.24151611328125,432.0,434.0,423.5,425.0,7409053,2308.TW,台達電
2025-01-08,418.3318786621094,428.0,446.0,425.5,440.5,11336057,2308.TW,台達電
2025-01-09,408.0690612792969,417.5,430.0,417.0,428.0,5111761,2308.TW,台達電
2025-01-10,410.5126037597656,420.0,420.5,416.0,420.0,3864851,2308.TW,台達電
2025-01-13,390.9643859863281,400.0,415.5,400.0,413.5,8744187,2308.TW,台達電
2025-01-14,400.73846435546875,410.0,412.5,403.0,410.0,10130114,2308.TW,台達電
2025-01-15,391.4530944824219,400.5,406.5,398.5,404.5,7451745,2308.TW,台達電
2025-01-16,409.0464782714844,418.5,424.5,405.5,408.5,9382557,2308.TW,台達電
2025-01-17,412.4674072265625,422.0,426.0,414.5,421.0,6489319,2308.TW,台達電
2025-01-20,417.3544921875,427.0,431.5,425.0,425.0,4669776,2308.TW,台達電
2025-01-21,411.97869873046875,421.5,428.5,418.5,425.0,6449745,2308.TW,台達電
2025-01-22,427.6172790527344,437.5,438.0,424.0,424.0,9474389,2308.TW,台達電
2025-02-03,389.9869689941406,399.0,407.0,394.5,400.0,20139532,2308.TW,台達電
2025-02-04,388.0321350097656,397.0,408.0,396.5,401.5,9534874,2308.TW,台達電
2025-02-05,396.3401184082031,405.5,410.0,403.0,403.0,6548251,2308.TW,台達電
2025-02-06,407.5803527832031,417.0,417.5,411.5,413.5,8811916,2308.TW,台達電
2025-02-07,405.62554931640625,415.0,418.5,409.0,418.0,4812142,2308.TW,台達電
2025-02-10,395.36273193359375,404.5,409.5,404.0,405.0,5268719,2308.TW,台達電
2025-02-11,392.919189453125,402.0,408.0,402.0,405.0,6778905,2308.TW,台達電
2025-02-12,391.9417724609375,401.0,406.5,401.0,403.0,3916708,2308.TW,台達電
2025-02-13,395.8514099121094,405.0,406.0,400.5,401.0,5636862,2308.TW,台達電
2025-02-14,391.9417724609375,401.0,406.0,400.0,402.0,4860464,2308.TW,台達電
2025-02-17,396.8288269042969,406.0,408.5,400.0,400.0,4526789,2308.TW,台達電
2025-02-18,382.1676940917969,391.0,403.5,390.5,402.0,20018112,2308.TW,台達電
2025-02-19,383.14508056640625,392.0,394.0,386.0,386.0,7986505,2308.TW,台達電
2025-02-20,381.19024658203125,390.0,394.5,390.0,392.5,7510785,2308.TW,台達電
2025-02-21,387.05474853515625,396.0,396.0,386.5,386.5,8569868,2308.TW,台達電
2025-02-24,386.5660400390625,395.5,396.0,389.5,391.5,6950019,2308.TW,台達電
2025-02-25,384.12249755859375,393.0,397.0,389.5,389.5,7103863,2308.TW,台達電
2025-02-26,389.9869689941406,399.0,399.0,391.0,392.0,8789809,2308.TW,台達電
2025-02-27,392.919189453125,402.0,407.0,394.0,394.0,19590848,2308.TW,台達電
2025-03-03,381.19024658203125,390.0,400.0,390.0,397.0,11721984,2308.TW,台達電
2025-03-04,368.9726257324219,377.5,387.0,373.0,385.0,19452498,2308.TW,台達電
2025-03-05,369.95001220703125,378.5,383.0,377.5,379.0,10116547,2308.TW,台達電
2025-03-06,374.83709716796875,383.5,387.5,380.5,381.5,8270692,2308.TW,台達電
2025-03-07,366.5290832519531,375.0,381.5,375.0,381.5,8921265,2308.TW,台達電
2025-03-10,367.017822265625,375.5,381.0,375.0,375.0,5451626,2308.TW,台達電
2025-03-11,362.1307373046875,370.5,373.5,365.5,372.0,9403893,2308.TW,台達電
2025-03-12,378.7467346191406,387.5,389.5,371.5,371.5,13031685,2308.TW,台達電
2025-03-13,379.7241516113281,388.5,398.0,388.0,392.5,11384379,2308.TW,台達電
2025-03-14,369.95001220703125,378.5,386.0,377.0,385.0,9108047,2308.TW,台達電
2025-03-17,385.0998840332031,394.0,396.0,383.0,385.0,11902227,2308.TW,台達電
2025-03-18,390.9643859863281,400.0,400.0,392.5,393.0,8162071,2308.TW,台達電
2025-03-19,381.678955078125,390.5,400.0,390.5,398.0,6964005,2308.TW,台達電
2025-03-20,384.6112060546875,393.5,401.0,391.0,391.0,7133147,2308.TW,台達電
2025-03-21,387.05474853515625,396.0,398.0,390.0,392.5,8097221,2308.TW,台達電
2025-03-24,383.14508056640625,392.0,406.0,392.0,400.0,10078008,2308.TW,台達電
2025-03-25,383.14508056640625,392.0,395.5,390.5,392.5,4649203,2308.TW,台達電
2025-03-26,389.9869689941406,399.0,400.5,394.0,396.5,9411426,2308.TW,台達電
2025-03-27,383.14508056640625,392.0,395.0,381.5,395.0,5016744,2308.TW,台達電
2025-03-28,367.9952087402344,376.5,386.5,375.0,383.0,9435073,2308.TW,台達電
2025-03-31,351.8679504394531,360.0,369.5,360.0,365.0,8691223,2308.TW,台達電
2025-04-01,362.61944580078125,371.0,371.5,362.5,365.0,6160920,2308.TW,台達電
2025-04-02,361.1533508300781,369.5,373.5,364.0,365.0,3389999,2308.TW,台達電
2025-04-07,325.47784423828125,333.0,333.0,333.0,333.0,2196910,2308.TW,台達電
2025-04-08,298.1103515625,305.0,311.0,300.0,300.5,28156853,2308.TW,台達電
2025-04-09,274.16375732421875,280.5,304.5,275.0,293.0,16901587,2308.TW,台達電
2025-04-10,301.5312805175781,308.5,308.5,308.5,308.5,3270591,2308.TW,台達電
2025-04-11,327.4326477050781,335.0,335.0,300.5,306.5,22014107,2308.TW,台達電
2025-04-14,322.54559326171875,330.0,350.0,328.0,349.5,17476535,2308.TW,台達電
2025-04-15,323.0343017578125,330.5,332.5,324.0,329.5,7198521,2308.TW,台達電
2025-04-16,313.2602233886719,320.5,327.5,320.5,325.0,7262799,2308.TW,台達電
2025-04-17,308.3731384277344,315.5,316.5,307.0,313.5,11970974,2308.TW,台達電
2025-04-18,312.28277587890625,319.5,320.0,315.0,316.0,2443456,2308.TW,台達電
2025-04-21,304.95220947265625,312.0,319.0,309.5,316.5,3215675,2308.TW,台達電
2025-04-22,302.9974060058594,310.0,317.0,308.5,308.5,4505507,2308.TW,台達電
2025-04-23,322.0569152832031,329.5,331.5,314.5,316.5,7128300,2308.TW,台達電
2025-04-24,319.1246643066406,326.5,334.5,324.5,332.0,5268652,2308.TW,台達電
2025-04-25,323.0343017578125,330.5,339.5,329.5,334.0,8015088,2308.TW,台達電
2025-04-28,332.8084411621094,340.5,344.0,335.5,343.0,6256932,2308.TW,台達電
2025-04-29,332.3197326660156,340.0,340.0,332.0,339.0,7308691,2308.TW,台達電
2025-04-30,325.966552734375,333.5,338.5,333.0,337.5,7771275,2308.TW,台達電
2025-05-02,346.00347900390625,354.0,356.0,337.0,339.5,12799777,2308.TW,台達電
2025-05-05,349.9131164550781,358.0,364.0,352.5,364.0,10719987,2308.TW,台達電
2025-05-06,350.8905029296875,359.0,363.0,353.0,355.0,7370329,2308.TW,台達電
2025-05-07,355.28887939453125,363.5,368.0,359.5,360.0,7607451,2308.TW,台達電
2025-05-08,363.59686279296875,372.0,375.0,362.5,363.0,9611005,2308.TW,台達電
2025-05-09,365.55169677734375,374.0,378.0,370.5,377.5,9755813,2308.TW,台達電
2025-05-12,361.64202880859375,370.0,375.5,368.0,375.0,4638215,2308.TW,台達電
2025-05-13,359.6872253417969,368.0,378.0,367.5,376.0,6316275,2308.TW,台達電
2025-05-14,363.59686279296875,372.0,375.0,369.5,369.5,9096626,2308.TW,台達電
2025-05-15,362.1307373046875,370.5,376.0,368.0,374.0,4578850,2308.TW,台達電
2025-05-16,362.61944580078125,371.0,372.0,364.0,367.0,4282212,2308.TW,台達電
2025-05-19,354.8001708984375,363.0,369.0,362.0,367.0,3935670,2308.TW,台達電
2025-05-20,357.2436828613281,365.5,368.5,361.0,361.0,4213227,2308.TW,台達電
2025-05-21,369.95001220703125,378.5,379.0,366.5,369.0,6185556,2308.TW,台達電
2025-05-22,369.4613342285156,378.0,383.5,372.5,376.5,6923417,2308.TW,台達電
2025-05-23,365.06298828125,373.5,380.5,372.0,378.0,5281106,2308.TW,台達電
2025-05-26,362.1307373046875,370.5,376.5,369.5,374.0,6179396,2308.TW,台達電
2025-05-27,359.1985168457031,367.5,372.5,365.0,368.0,4513583,2308.TW,台達電
2025-05-28,361.64202880859375,370.0,373.5,367.0,371.0,4201968,2308.TW,台達電
2025-05-29,365.55169677734375,374.0,381.5,372.5,373.0,13005295,2308.TW,台達電
2025-06-02,359.1985168457031,367.5,381.0,366.0,381.0,5906314,2308.TW,台達電
2025-06-03,370.9274597167969,379.5,386.0,373.0,374.5,14118434,2308.TW,台達電
2025-06-04,380.2128601074219,389.0,389.0,379.0,382.0,10651570,2308.TW,台達電
2025-06-05,389.0095520019531,398.0,398.5,390.0,395.0,11147342,2308.TW,台達電
2025-06-06,387.05474853515625,396.0,399.0,392.5,395.0,7562289,2308.TW,台達電
2025-06-09,388.5208435058594,397.5,398.0,393.0,397.5,3767191,2308.TW,台達電
2025-06-10,392.919189453125,402.0,403.5,398.0,398.0,6805847,2308.TW,台達電
2025-06-11,392.919189453125,402.0,404.0,396.5,402.0,6391497,2308.TW,台達電
2025-06-12,390.4756774902344,399.5,405.5,399.0,405.5,4715311,2308.TW,台達電
2025-06-13,389.0095520019531,398.0,402.5,393.5,395.0,6256987,2308.TW,台達電
2025-06-16,391.4530944824219,400.5,401.0,396.5,398.0,4977272,2308.TW,台達電
2025-06-17,392.9452819824219,395.0,398.5,393.0,395.0,6977658,2308.TW,台達電
2025-06-18,398.41668701171875,400.5,402.0,394.0,395.0,5519023,2308.TW,台達電
2025-06-19,401.8984680175781,404.0,408.0,400.5,400.5,9073025,2308.TW,台達電
2025-06-20,397.9192810058594,400.0,406.0,398.5,402.0,19669788,2308.TW,台達電
2025-06-23,397.9192810058594,400.0,403.0,396.0,396.0,6099946,2308.TW,台達電
2025-06-24,414.8308410644531,417.0,418.0,402.0,402.0,11116100,2308.TW,台達電
2025-06-25,421.2970275878906,423.5,428.5,420.0,420.0,11108825,2308.TW,台達電
2025-06-26,417.81524658203125,420.0,424.5,418.0,422.5,7336581,2308.TW,台達電
2025-06-27,421.79443359375,424.0,426.5,419.5,421.0,7345295,2308.TW,台達電
2025-06-30,410.8516540527344,413.0,425.0,413.0,420.5,5198117,2308.TW,台達電
2025-07-01,425.77362060546875,428.0,432.5,417.0,417.0,10078725,2308.TW,台達電
2025-07-02,427.26580810546875,429.5,434.5,421.0,421.5,6626261,2308.TW,台達電
2025-07-03,456.61236572265625,459.0,460.0,431.0,431.5,22317749,2308.TW,台達電
2025-07-04,454.6227722167969,457.0,461.5,450.5,451.5,14577748,2308.TW,台達電
2025-07-07,447.6591796875,450.0,458.5,448.0,452.0,8986785,2308.TW,台達電
2025-07-08,449.1513671875,451.5,455.0,446.5,450.0,10717852,2308.TW,台達電
2025-07-09,448.65399169921875,451.0,452.0,440.0,442.0,11825025,2308.TW,台達電
2025-07-10,479.9901123046875,482.5,485.5,458.0,458.0,22619776,2308.TW,台達電
2025-07-11,480.4875183105469,483.0,491.5,471.0,471.0,13587750,2308.TW,台達電
2025-07-14,470.53955078125,473.0,482.5,472.5,478.5,6912679,2308.TW,台達電
2025-07-15,491.4302978515625,494.0,496.0,480.0,483.0,15644025,2308.TW,台達電
2025-07-16,497.3990783691406,500.0,513.0,495.5,500.0,23245466,2308.TW,台達電
2025-07-17,496.404296875,499.0,503.0,490.0,494.0,9166864,2308.TW,台達電
2025-07-18,506.3522644042969,509.0,509.0,499.0,499.0,7238844,2308.TW,台達電
2025-07-21,512.321044921875,515.0,517.0,511.0,513.0,9627700,2308.TW,台達電
2025-07-22,510.33148193359375,513.0,533.0,508.0,515.0,13326683,2308.TW,台達電
2025-07-23,517.2950439453125,520.0,527.0,517.0,517.0,10567662,2308.TW,台達電
2025-07-24,515.3054809570312,518.0,519.0,508.0,515.0,9134695,2308.TW,台達電
2025-07-25,514.3106689453125,517.0,518.0,508.0,512.0,8134464,2308.TW,台達電
2025-07-28,519.28466796875,522.0,529.0,520.0,524.0,7048224,2308.TW,台達電
2025-07-29,522.26904296875,525.0,529.0,516.0,520.0,7290167,2308.TW,台達電
2025-07-30,527.2430419921875,530.0,533.0,520.0,528.0,7441150,2308.TW,台達電
2025-07-31,564.0505981445312,567.0,582.0,561.0,581.0,14290496,2308.TW,台達電
2025-08-04,589.9153442382812,593.0,594.0,578.0,579.0,11241547,2308.TW,台達電
2025-08-05,628.7124633789062,632.0,636.0,600.0,600.0,20244945,2308.TW,台達電
2025-08-06,617.7696533203125,621.0,632.0,605.0,607.0,20094089,2308.TW,台達電
2025-08-07,619.75927734375,623.0,633.0,618.0,623.0,14701639,2308.TW,台達電
2025-08-08,633.6864624023438,637.0,637.0,626.0,626.0,11940640,2308.TW,台達電
2025-08-11,634.6812133789062,638.0,643.0,628.0,635.0,9087647,2308.TW,台達電
2025-08-12,638.6604614257812,642.0,649.0,636.0,642.0,8669434,2308.TW,台達電
2025-08-13,671.48876953125,675.0,681.0,662.0,665.0,23398116,2308.TW,台達電
2025-08-14,666.5147705078125,670.0,675.0,663.0,667.0,11571094,2308.TW,台達電
2025-08-15,682.4315795898438,686.0,695.0,669.0,670.0,14052732,2308.TW,台達電
2025-08-18,684.421142578125,688.0,695.0,681.0,690.0,12090726,2308.TW,台達電
2025-08-19,657.5615844726562,661.0,691.0,660.0,683.0,12791048,2308.TW,台達電
2025-08-20,621.7488403320312,625.0,657.0,624.0,628.0,23360715,2308.TW,台達電
2025-08-21,644.6292114257812,648.0,655.0,619.0,620.0,17291029,2308.TW,台達電
2025-08-22,660.5460205078125,664.0,672.0,658.0,668.0,9862231,2308.TW,台達電
2025-08-25,672.4835815429688,676.0,685.0,667.0,680.0,9498974,2308.TW,台達電
2025-08-26,681.436767578125,685.0,685.0,672.0,675.0,10083437,2308.TW,台達電
2025-08-27,716.2546997070312,720.0,730.0,687.0,690.0,15231644,2308.TW,台達電
2025-08-28,705.3118896484375,709.0,717.0,705.0,717.0,8589429,2308.TW,台達電
2025-08-29,707.301513671875,711.0,718.0,705.0,709.0,10833614,2308.TW,台達電
2025-09-01,684.421142578125,688.0,724.0,678.0,706.0,13704967,2308.TW,台達電
2025-09-02,681.436767578125,685.0,704.0,678.0,698.0,11127649,2308.TW,台達電
2025-09-03,676.4627685546875,680.0,687.0,675.0,683.0,11506701,2308.TW,台達電
2025-09-04,687.405517578125,691.0,705.0,685.0,689.0,9965095,2308.TW,台達電
2025-09-05,722.2235107421875,726.0,726.0,711.0,720.0,14205816,2308.TW,台達電
2025-09-08,722.2235107421875,726.0,745.0,726.0,745.0,11029416,2308.TW,台達電
2025-09-09,779.9217529296875,784.0,798.0,728.0,729.0,20739103,2308.TW,台達電
2025-09-10,832.6460571289062,837.0,844.0,806.0,807.0,22858768,2308.TW,台達電
2025-09-11,826.6773071289062,831.0,853.0,825.0,825.0,25892416,2308.TW,台達電
2025-09-12,832.6460571289062,837.0,854.0,834.0,834.0,19279803,2308.TW,台達電
2025-09-15,831.6513061523438,836.0,848.0,829.0,842.0,11977009,2308.TW,台達電
2025-09-16,836.625244140625,841.0,841.0,821.0,833.0,14964160,2308.TW,台達電
2025-09-17,831.6513061523438,836.0,853.0,831.0,840.0,10046309,2308.TW,台達電
2025-09-18,887.3599853515625,892.0,899.0,837.0,837.0,21414831,2308.TW,台達電
2025-09-19,883.3807983398438,888.0,909.0,885.0,894.0,19564182,2308.TW,台達電
2025-09-22,902.281982421875,907.0,915.0,880.0,880.0,14261438,2308.TW,台達電
2025-09-23,888.3547973632812,893.0,917.0,890.0,913.0,16298095,2308.TW,台達電
2025-09-24,886.3651733398438,891.0,893.0,866.0,888.0,15633116,2308.TW,台達電
2025-09-25,879.401611328125,884.0,903.0,883.0,886.0,11493170,2308.TW,台達電
2025-09-26,843.5888671875,848.0,869.0,837.0,867.0,18652130,2308.TW,台達電
2025-09-30,849.5576782226562,854.0,888.0,851.0,852.0,16138286,2308.TW,台達電
2025-10-01,866.46923828125,871.0,878.0,860.0,870.0,9681582,2308.TW,台達電
2025-10-02,889.3495483398438,894.0,910.0,893.0,893.0,17801201,2308.TW,台達電
2025-10-03,937.0999145507812,942.0,944.0,895.0,900.0,17752218,2308.TW,台達電
2025-10-07,981.8657836914062,987.0,995.0,941.0,942.0,25013368,2308.TW,台達電
2025-10-08,975.8970336914062,981.0,985.0,962.0,963.0,11682890,2308.TW,台達電
2025-10-09,993.8034057617188,999.0,1005.0,986.0,1000.0,14545045,2308.TW,台達電
2025-10-13,1024.64208984375,1030.0,1045.0,968.0,968.0,23036958,2308.TW,台達電
2025-10-14,986.8397827148438,992.0,1060.0,990.0,1050.0,19658119,2308.TW,台達電
2025-10-15,1009.7201538085938,1015.0,1015.0,987.0,1000.0,12815338,2308.TW,台達電
2025-10-16,1019.6681518554688,1025.0,1025.0,1000.0,1005.0,7584072,2308.TW,台達電
2025-10-17,993.8034057617188,999.0,1050.0,996.0,1005.0,12240453,2308.TW,台達電
2025-10-20,1009.7201538085938,1015.0,1020.0,986.0,998.0,11890513,2308.TW,台達電
2025-10-21,1014.6941528320312,1020.0,1030.0,1000.0,1015.0,7639845,2308.TW,台達電
2025-10-22,1014.6941528320312,1020.0,1020.0,1000.0,1005.0,5599702,2308.TW,台達電
2025-10-23,1004.7461547851562,1010.0,1020.0,1000.0,1005.0,5140862,2308.TW,台達電
2025-10-27,1064.43408203125,1070.0,1075.0,1035.0,1035.0,13894647,2308.TW,台達電
2025-10-28,1069.4080810546875,1075.0,1080.0,1055.0,1060.0,8604771,2308.TW,台達電
2025-10-29,1054.486083984375,1060.0,1085.0,1035.0,1075.0,12152233,2308.TW,台達電
2025-10-30,1004.7461547851562,1010.0,1070.0,1005.0,1070.0,21746938,2308.TW,台達電
2025-10-31,989.82421875,995.0,1015.0,990.0,1000.0,18521789,2308.TW,台達電
2025-11-03,977.8865966796875,983.0,1005.0,982.0,992.0,14781907,2308.TW,台達電
2025-11-04,969.92822265625,975.0,1010.0,975.0,980.0,17580080,2308.TW,台達電
2025-11-05,961.9698486328125,967.0,972.0,930.0,930.0,16538385,2308.TW,台達電
2025-11-06,972.91259765625,978.0,994.0,977.0,980.0,9760798,2308.TW,台達電
2025-11-07,959.980224609375,965.0,972.0,956.0,960.0,9119881,2308.TW,台達電
2025-11-10,976.891845703125,982.0,994.0,968.0,980.0,10503689,2308.TW,台達電
2025-11-11,966.94384765625,972.0,998.0,972.0,993.0,10930686,2308.TW,台達電
2025-11-12,961.9698486328125,967.0,981.0,954.0,965.0,13794867,2308.TW,台達電
2025-11-13,953.0166625976562,958.0,973.0,958.0,965.0,10534466,2308.TW,台達電
2025-11-14,917.2039184570312,922.0,945.0,922.0,938.0,17956984,2308.TW,台達電
2025-11-17,911.235107421875,916.0,946.0,916.0,931.0,10205990,2308.TW,台達電
2025-11-18,893.3287963867188,898.0,930.0,898.0,906.0,12776058,2308.TW,台達電
2025-11-19,889.3495483398438,894.0,911.0,889.0,890.0,11496641,2308.TW,台達電
2025-11-20,949.0374755859375,954.0,965.0,934.0,939.0,15713499,2308.TW,台達電
2025-11-21,890.3443603515625,895.0,913.0,895.0,907.0,16093630,2308.TW,台達電
2025-11-24,888.3547973632812,893.0,909.0,893.0,904.0,18570764,2308.TW,台達電
2025-11-25,905.266357421875,910.0,926.0,899.0,913.0,10214403,2308.TW,台達電
2025-11-26,940.0842895507812,945.0,950.0,916.0,928.0,11021726,2308.TW,台達電
2025-11-27,937.0999145507812,942.0,959.0,938.0,955.0,8485835,2308.TW,台達電
2025-11-28,927.1519165039062,932.0,946.0,928.0,946.0,7920998,2308.TW,台達電
2025-12-01,967.9386596679688,973.0,978.0,932.0,936.0,16772623,2308.TW,台達電
2025-12-02,983.8554077148438,989.0,998.0,974.0,988.0,19606844,2308.TW,台達電
2025-12-03,991.8137817382812,997.0,1005.0,984.0,997.0,12394746,2308.TW,台達電
2025-12-04,993.8034057617188,999.0,1005.0,991.0,999.0,6602493,2308.TW,台達電
2025-12-05,973.9074096679688,979.0,1005.0,973.0,998.0,9363660,2308.TW,台達電
2025-12-08,973.9074096679688,979.0,993.0,970.0,985.0,5590132,2308.TW,台達電
2025-12-09,965.9490356445312,971.0,980.0,966.0,976.0,7569165,2308.TW,台達電
2025-12-10,962.9646606445312,968.0,978.0,965.0,973.0,6126655,2308.TW,台達電
2025-12-11,940.0842895507812,945.0,976.0,945.0,970.0,11239205,2308.TW,台達電
2025-12-12,933.1206665039062,938.0,948.0,929.0,945.0,9026719,2308.TW,台達電
2025-12-15,917.2039184570312,922.0,933.0,916.0,917.0,6527359,2308.TW,台達電
2025-12-16,896.3131713867188,901.0,915.0,899.0,908.0,10227812,2308.TW,台達電
2025-12-17,885.370361328125,890.0,907.0,890.0,900.0,12462736,2308.TW,台達電
2025-12-18,886.3651733398438,891.0,896.0,886.0,889.0,6069232,2308.TW,台達電
2025-12-19,906.2611694335938,911.0,923.0,895.0,899.0,12394315,2308.TW,台達電
2025-12-22,948.0426635742188,953.0,957.0,909.0,911.0,13468014,2308.TW,台達電
2025-12-23,938.0946655273438,943.0,965.0,943.0,962.0,5730016,2308.TW,台達電
2025-12-24,950.0322875976562,955.0,960.0,948.0,952.0,4891620,2308.TW,台達電
2025-12-26,951.0270385742188,956.0,962.0,952.0,960.0,3106463,2308.TW,台達電
2025-12-29,956.995849609375,962.0,974.0,960.0,960.0,6073574,2308.TW,台達電
2025-12-30,956.0010375976562,961.0,970.0,957.0,964.0,4433797,2308.TW,台達電
2025-12-31,957.9906616210938,963.0,974.0,950.0,959.0,8863603,2308.TW,台達電
2026-01-02,989.82421875,995.0,998.0,969.0,970.0,13024209,2308.TW,台達電
2026-01-05,1004.7461547851562,1010.0,1025.0,1000.0,1010.0,12466679,2308.TW,台達電
2026-01-06,1044.5380859375,1050.0,1050.0,983.0,1005.0,16032166,2308.TW,台達電
2026-01-07,1024.64208984375,1030.0,1085.0,988.0,1080.0,18172207,2308.TW,台達電
2026-01-08,1004.7461547851562,1010.0,1040.0,1010.0,1035.0,9003951,2308.TW,台達電
2026-01-09,1009.7201538085938,1015.0,1030.0,995.0,1000.0,7391100,2308.TW,台達電
2026-01-12,1049.5120849609375,1055.0,1065.0,1035.0,1040.0,11344658,2308.TW,台達電
2026-01-13,1024.64208984375,1030.0,1080.0,1025.0,1070.0,11474459,2308.TW,台達電
2026-01-14,1054.486083984375,1060.0,1070.0,1040.0,1040.0,8593128,2308.TW,台達電
2026-01-15,1039.5640869140625,1045.0,1060.0,1025.0,1055.0,8172566,2308.TW,台達電
2026-01-16,1119.14794921875,1125.0,1135.0,1060.0,1075.0,22782095,2308.TW,台達電
2026-01-19,1114.1739501953125,1120.0,1160.0,1110.0,1145.0,12008197,2308.TW,台達電
2026-01-20,1124.1219482421875,1130.0,1140.0,1100.0,1105.0,7198430,2308.TW,台達電
2026-01-21,1129.095947265625,1135.0,1185.0,1115.0,1130.0,18083264,2308.TW,台達電
2026-01-22,1238.523681640625,1245.0,1245.0,1195.0,1200.0,19318986,2308.TW,台達電
2026-01-23,1253.4456787109375,1260.0,1285.0,1245.0,1280.0,17512693,2308.TW,台達電
2026-01-26,1223.601806640625,1230.0,1240.0,1205.0,1220.0,11798393,2308.TW,台達電
2026-01-27,1243.4976806640625,1250.0,1260.0,1220.0,1230.0,8618449,2308.TW,台達電
2026-01-28,1273.3416748046875,1280.0,1280.0,1235.0,1250.0,10930051,2308.TW,台達電
2026-01-29,1248.4716796875,1255.0,1315.0,1240.0,1310.0,12829784,2308.TW,台達電
2026-01-30,1213.65380859375,1220.0,1255.0,1215.0,1250.0,10202205,2308.TW,台達電
2026-02-02,1168.8878173828125,1175.0,1200.0,1160.0,1185.0,12433041,2308.TW,台達電
2026-02-03,1208.6798095703125,1215.0,1220.0,1175.0,1205.0,11004255,2308.TW,台達電
2026-02-04,1203.705810546875,1210.0,1220.0,1195.0,1220.0,7111184,2308.TW,台達電
2026-02-05,1144.0179443359375,1150.0,1180.0,1130.0,1175.0,14283127,2308.TW,台達電
2026-02-06,1153.9659423828125,1160.0,1170.0,1115.0,1135.0,10257879,2308.TW,台達電
2026-02-09,1173.86181640625,1180.0,1210.0,1180.0,1200.0,8765470,2308.TW,台達電
2026-02-10,1178.8358154296875,1185.0,1210.0,1170.0,1205.0,7916235,2308.TW,台達電
2026-02-11,1253.4456787109375,1260.0,1265.0,1190.0,1200.0,14422679,2308.TW,台達電
2026-02-23,1298.211669921875,1305.0,1380.0,1295.0,1320.0,21053140,2308.TW,台達電
2026-02-24,1377.7955322265625,1385.0,1385.0,1335.0,1355.0,13399510,2308.TW,台達電
2026-02-25,1427.535400390625,1435.0,1480.0,1380.0,1425.0,13893910,2308.TW,台達電
2026-02-26,1422.5614013671875,1430.0,1455.0,1415.0,1450.0,16681606,2308.TW,台達電
2026-03-02,1417.58740234375,1425.0,1445.0,1355.0,1355.0,14087742,2308.TW,台達電
2026-03-03,1333.029541015625,1340.0,1435.0,1340.0,1410.0,16095323,2308.TW,台達電
2026-03-04,1248.4716796875,1255.0,1320.0,1250.0,1295.0,16961184,2308.TW,台達電
2026-03-05,1328.0555419921875,1335.0,1365.0,1310.0,1335.0,13120905,2308.TW,台達電
2026-03-06,1313.133544921875,1320.0,1345.0,1310.0,1340.0,10254707,2308.TW,台達電
2026-03-09,1213.65380859375,1220.0,1230.0,1195.0,1210.0,21625496,2308.TW,台達電
2026-03-10,1283.2896728515625,1290.0,1325.0,1275.0,1280.0,11474848,2308.TW,台達電
2026-03-11,1392.7174072265625,1400.0,1415.0,1325.0,1350.0,13726816,2308.TW,台達電
2026-03-12,1362.87353515625,1370.0,1410.0,1365.0,1390.0,7368490,2308.TW,台達電
2026-03-13,1377.7955322265625,1385.0,1405.0,1340.0,1355.0,7461038,2308.TW,台達電
2026-03-16,1352.925537109375,1360.0,1395.0,1350.0,1395.0,5929443,2308.TW,台達電
2026-03-17,1432.5093994140625,1440.0,1470.0,1385.0,1385.0,12515796,2308.TW,台達電
2026-03-18,1457.37939453125,1465.0,1490.0,1450.0,1465.0,10696722,2308.TW,台達電
2026-03-19,1447.431396484375,1455.0,1480.0,1445.0,1450.0,7980699,2308.TW,台達電
2026-03-20,1467.3272705078125,1475.0,1530.0,1410.0,1450.0,15113545,2308.TW,台達電
2026-03-23,1402.6654052734375,1410.0,1425.0,1385.0,1405.0,12888516,2308.TW,台達電
2026-03-24,1407.639404296875,1415.0,1470.0,1410.0,1455.0,12355449,2308.TW,台達電
2026-03-25,1541.9371337890625,1550.0,1555.0,1485.0,1485.0,15224832,2308.TW,台達電
2026-03-26,1507.1192626953125,1515.0,1565.0,1515.0,1535.0,12323637,2308.TW,台達電
2026-03-27,1502.145263671875,1510.0,1520.0,1440.0,1460.0,10081583,2308.TW,台達電
2026-03-30,1477.2752685546875,1485.0,1495.0,1450.0,1480.0,11069480,2308.TW,台達電
2026-03-31,1372.821533203125,1380.0,1470.0,1365.0,1465.0,18001261,2308.TW,台達電
2026-04-01,1467.3272705078125,1475.0,1495.0,1450.0,1465.0,11380012,2308.TW,台達電
2026-04-02,1422.5614013671875,1430.0,1510.0,1420.0,1480.0,9316602,2308.TW,台達電
2026-04-07,1507.1192626953125,1515.0,1515.0,1490.0,1495.0,9471155,2308.TW,台達電
2026-04-08,1656.3389892578125,1665.0,1665.0,1615.0,1630.0,11931374,2308.TW,台達電
2026-04-09,1636.4429931640625,1645.0,1705.0,1635.0,1685.0,14632032,2308.TW,台達電
2026-04-10,1725.974853515625,1735.0,1750.0,1675.0,1690.0,10973678,2308.TW,台達電
2026-04-13,1730.9488525390625,1740.0,1760.0,1710.0,1730.0,6680545,2308.TW,台達電
2026-04-14,1740.8968505859375,1750.0,1820.0,1750.0,1805.0,9707370,2308.TW,台達電
2026-04-15,1775.7147216796875,1785.0,1835.0,1785.0,1785.0,9811750,2308.TW,台達電
2026-04-16,1835.402587890625,1845.0,1845.0,1785.0,1835.0,9212364,2308.TW,台達電
2026-04-17,1830.4287109375,1840.0,1870.0,1830.0,1865.0,8436351,2308.TW,台達電
2026-04-20,1890.1165771484375,1900.0,1980.0,1860.0,1860.0,9692483,2308.TW,台達電
2026-04-21,2004.518310546875,2015.0,2035.0,1930.0,1950.0,8888821,2308.TW,台達電
2026-04-22,2004.518310546875,2015.0,2045.0,1995.0,2040.0,10117948,2308.TW,台達電
2026-04-23,1969.700439453125,1980.0,2115.0,1935.0,2100.0,15088821,2308.TW,台達電
2026-04-24,2064.206298828125,2075.0,2090.0,1990.0,2005.0,10846873,2308.TW,台達電
2026-04-27,2009.4923095703125,2020.0,2080.0,1995.0,2070.0,13935817,2308.TW,台達電
2026-04-28,2113.946044921875,2125.0,2160.0,2030.0,2030.0,13898931,2308.TW,台達電
2026-04-29,2153.738037109375,2165.0,2170.0,2035.0,2040.0,11741236,2308.TW,台達電
2026-04-30,2153.738037109375,2165.0,2280.0,2150.0,2220.0,13424815,2308.TW,台達電
2026-05-04,2208.451904296875,2220.0,2260.0,2150.0,2250.0,11783423,2308.TW,台達電
2026-05-05,2153.738037109375,2165.0,2195.0,2145.0,2185.0,9420938,2308.TW,台達電
2026-05-06,2198.50390625,2210.0,2270.0,2150.0,2215.0,14353798,2308.TW,台達電
2026-05-07,2268.139892578125,2280.0,2370.0,2250.0,2275.0,14784421,2308.TW,台達電
2026-05-08,2188.555908203125,2200.0,2250.0,2170.0,2230.0,10393004,2308.TW,台達電
2026-05-11,2233.322021484375,2245.0,2270.0,2205.0,2215.0,8790271,2308.TW,台達電
2026-05-12,2183.58203125,2195.0,2260.0,2190.0,2225.0,11944561,2308.TW,台達電
2026-05-13,2153.738037109375,2165.0,2185.0,2140.0,2160.0,6913371,2308.TW,台達電
2026-05-14,2143.7900390625,2155.0,2250.0,2155.0,2210.0,6872103,2308.TW,台達電
2026-05-15,2064.206298828125,2075.0,2195.0,2075.0,2185.0,10469059,2308.TW,台達電
2026-05-18,2009.4923095703125,2020.0,2040.0,1985.0,1985.0,8419378,2308.TW,台達電
2026-05-19,1905.03857421875,1915.0,2025.0,1910.0,2020.0,13603182,2308.TW,台達電
2026-05-20,1905.03857421875,1915.0,1960.0,1880.0,1880.0,9789768,2308.TW,台達電
2026-05-21,2019.4403076171875,2030.0,2060.0,1990.0,2015.0,10651255,2308.TW,台達電
2026-05-22,2084.102294921875,2095.0,2125.0,2050.0,2125.0,7818792,2308.TW,台達電
2026-05-25,2278.087890625,2290.0,2300.0,2185.0,2205.0,10142736,2308.TW,台達電
2026-05-26,2337.775634765625,2350.0,2410.0,2290.0,2350.0,10816822,2308.TW,台達電
2026-05-27,2506.891357421875,2520.0,2585.0,2490.0,2490.0,12553894,2308.TW,台達電
2026-05-28,2377.567626953125,2390.0,2520.0,2370.0,2485.0,10222545,2308.TW,台達電
2026-05-29,2432.281494140625,2445.0,2525.0,2445.0,2470.0,16536758,2308.TW,台達電
